product_id,category,views,add_to_carts,purchases,total_revenue,avg_price,view_to_purchase_rate,blocking_stage
370653,High Revenue,1854,0,0,0.0,0.0,0.0,view_to_cart
298009,High Revenue,1642,0,0,0.0,0.0,0.0,view_to_cart
96924,High Revenue,1633,0,0,0.0,0.0,0.0,view_to_cart
335975,High Revenue,1428,0,0,0.0,0.0,0.0,view_to_cart
151444,High Revenue,1230,0,0,0.0,0.0,0.0,view_to_cart
434782,High Revenue,1069,0,0,0.0,0.0,0.0,view_to_cart
91755,High Revenue,1024,0,0,0.0,0.0,0.0,view_to_cart
102306,High Revenue,1013,0,0,0.0,0.0,0.0,view_to_cart
29100,High Revenue,982,0,0,0.0,0.0,0.0,view_to_cart
225778,High Revenue,767,0,0,0.0,0.0,0.0,view_to_cart
109618,High Revenue,764,0,0,0.0,0.0,0.0,view_to_cart
209994,High Revenue,753,0,0,0.0,0.0,0.0,view_to_cart
232509,High Revenue,746,0,0,0.0,0.0,0.0,view_to_cart
359491,High Revenue,736,0,0,0.0,0.0,0.0,view_to_cart
429094,High Revenue,727,0,0,0.0,0.0,0.0,view_to_cart
15948,High Revenue,711,0,0,0.0,0.0,0.0,view_to_cart
413166,High Revenue,670,0,0,0.0,0.0,0.0,view_to_cart
215715,High Revenue,637,0,0,0.0,0.0,0.0,view_to_cart
290250,High Revenue,634,0,0,0.0,0.0,0.0,view_to_cart
445749,High Revenue,606,0,0,0.0,0.0,0.0,view_to_cart
316779,High Revenue,604,0,0,0.0,0.0,0.0,view_to_cart
149275,High Revenue,604,0,0,0.0,0.0,0.0,view_to_cart
449571,High Revenue,584,0,0,0.0,0.0,0.0,view_to_cart
260539,High Revenue,574,0,0,0.0,0.0,0.0,view_to_cart
403757,High Revenue,573,0,0,0.0,0.0,0.0,view_to_cart
294482,High Revenue,553,0,0,0.0,0.0,0.0,view_to_cart
260650,High Revenue,542,0,0,0.0,0.0,0.0,view_to_cart
82389,High Revenue,541,0,0,0.0,0.0,0.0,view_to_cart
287664,High Revenue,538,0,0,0.0,0.0,0.0,view_to_cart
298196,High Revenue,527,0,0,0.0,0.0,0.0,view_to_cart
260317,High Revenue,520,0,0,0.0,0.0,0.0,view_to_cart
184998,High Revenue,494,0,0,0.0,0.0,0.0,view_to_cart
75779,High Revenue,490,0,0,0.0,0.0,0.0,view_to_cart
216888,High Revenue,485,0,0,0.0,0.0,0.0,view_to_cart
429571,High Revenue,482,0,0,0.0,0.0,0.0,view_to_cart
29890,High Revenue,482,0,0,0.0,0.0,0.0,view_to_cart
137144,High Revenue,465,0,0,0.0,0.0,0.0,view_to_cart
101845,High Revenue,461,0,0,0.0,0.0,0.0,view_to_cart
251349,High Revenue,457,0,0,0.0,0.0,0.0,view_to_cart
203908,High Revenue,452,0,0,0.0,0.0,0.0,view_to_cart
244924,High Revenue,450,0,0,0.0,0.0,0.0,view_to_cart
54502,High Revenue,450,0,0,0.0,0.0,0.0,view_to_cart
229204,High Revenue,438,0,0,0.0,0.0,0.0,view_to_cart
75075,High Revenue,431,0,0,0.0,0.0,0.0,view_to_cart
114866,High Revenue,426,0,0,0.0,0.0,0.0,view_to_cart
48704,High Revenue,425,0,0,0.0,0.0,0.0,view_to_cart
156173,High Revenue,425,0,0,0.0,0.0,0.0,view_to_cart
162525,High Revenue,424,0,0,0.0,0.0,0.0,view_to_cart
460133,High Revenue,419,0,0,0.0,0.0,0.0,view_to_cart
193359,High Revenue,419,0,0,0.0,0.0,0.0,view_to_cart
139487,High Revenue,417,0,0,0.0,0.0,0.0,view_to_cart
286481,High Revenue,413,0,0,0.0,0.0,0.0,view_to_cart
192710,High Revenue,413,0,0,0.0,0.0,0.0,view_to_cart
229857,High Revenue,410,0,0,0.0,0.0,0.0,view_to_cart
245818,High Revenue,409,0,0,0.0,0.0,0.0,view_to_cart
250901,High Revenue,407,0,0,0.0,0.0,0.0,view_to_cart
45707,High Revenue,405,0,0,0.0,0.0,0.0,view_to_cart
251970,High Revenue,397,0,0,0.0,0.0,0.0,view_to_cart
199657,High Revenue,391,0,0,0.0,0.0,0.0,view_to_cart
97307,High Revenue,389,0,0,0.0,0.0,0.0,view_to_cart
198996,High Revenue,389,0,0,0.0,0.0,0.0,view_to_cart
461061,High Revenue,386,0,0,0.0,0.0,0.0,view_to_cart
273936,High Revenue,382,0,0,0.0,0.0,0.0,view_to_cart
446534,High Revenue,381,0,0,0.0,0.0,0.0,view_to_cart
393744,High Revenue,381,0,0,0.0,0.0,0.0,view_to_cart
110943,High Revenue,377,0,0,0.0,0.0,0.0,view_to_cart
348596,High Revenue,369,0,0,0.0,0.0,0.0,view_to_cart
428085,High Revenue,366,0,0,0.0,0.0,0.0,view_to_cart
107184,High Revenue,363,0,0,0.0,0.0,0.0,view_to_cart
464767,High Revenue,362,0,0,0.0,0.0,0.0,view_to_cart
212045,High Revenue,362,0,0,0.0,0.0,0.0,view_to_cart
239590,High Revenue,361,0,0,0.0,0.0,0.0,view_to_cart
450209,High Revenue,360,0,0,0.0,0.0,0.0,view_to_cart
64253,High Revenue,353,0,0,0.0,0.0,0.0,view_to_cart
56664,High Revenue,351,0,0,0.0,0.0,0.0,view_to_cart
189381,High Revenue,350,0,0,0.0,0.0,0.0,view_to_cart
74661,High Revenue,349,0,0,0.0,0.0,0.0,view_to_cart
21730,High Revenue,347,0,0,0.0,0.0,0.0,view_to_cart
277264,High Revenue,344,0,0,0.0,0.0,0.0,view_to_cart
191049,High Revenue,344,0,0,0.0,0.0,0.0,view_to_cart
303704,High Revenue,343,0,0,0.0,0.0,0.0,view_to_cart
45337,High Revenue,337,0,0,0.0,0.0,0.0,view_to_cart
207923,High Revenue,336,0,0,0.0,0.0,0.0,view_to_cart
459325,High Revenue,335,0,0,0.0,0.0,0.0,view_to_cart
209849,High Revenue,326,0,0,0.0,0.0,0.0,view_to_cart
63721,High Revenue,325,0,0,0.0,0.0,0.0,view_to_cart
50467,High Revenue,325,0,0,0.0,0.0,0.0,view_to_cart
219488,High Revenue,325,0,0,0.0,0.0,0.0,view_to_cart
322955,High Revenue,323,0,0,0.0,0.0,0.0,view_to_cart
102229,High Revenue,322,0,0,0.0,0.0,0.0,view_to_cart
306289,High Revenue,321,0,0,0.0,0.0,0.0,view_to_cart
389172,High Revenue,321,0,0,0.0,0.0,0.0,view_to_cart
166285,High Revenue,321,0,0,0.0,0.0,0.0,view_to_cart
348237,High Revenue,316,0,0,0.0,0.0,0.0,view_to_cart
256695,High Revenue,313,0,0,0.0,0.0,0.0,view_to_cart
328692,High Revenue,309,0,0,0.0,0.0,0.0,view_to_cart
170936,High Revenue,309,0,0,0.0,0.0,0.0,view_to_cart
243882,High Revenue,308,0,0,0.0,0.0,0.0,view_to_cart
248023,High Revenue,308,0,0,0.0,0.0,0.0,view_to_cart
463668,High Revenue,307,0,0,0.0,0.0,0.0,view_to_cart
411766,High Revenue,306,0,0,0.0,0.0,0.0,view_to_cart
259873,High Revenue,304,0,0,0.0,0.0,0.0,view_to_cart
262522,High Revenue,304,0,0,0.0,0.0,0.0,view_to_cart
69081,High Revenue,300,0,0,0.0,0.0,0.0,view_to_cart
26970,High Revenue,300,0,0,0.0,0.0,0.0,view_to_cart
314103,High Revenue,298,0,0,0.0,0.0,0.0,view_to_cart
204070,High Revenue,296,0,1,104.02,104.02,0.34,view_to_cart
112537,High Revenue,296,0,0,0.0,0.0,0.0,view_to_cart
347812,High Revenue,294,0,0,0.0,0.0,0.0,view_to_cart
27442,High Revenue,292,0,0,0.0,0.0,0.0,view_to_cart
91770,High Revenue,290,0,0,0.0,0.0,0.0,view_to_cart
200270,High Revenue,288,0,0,0.0,0.0,0.0,view_to_cart
63119,High Revenue,286,0,0,0.0,0.0,0.0,view_to_cart
211811,High Revenue,284,0,0,0.0,0.0,0.0,view_to_cart
227092,High Revenue,283,0,0,0.0,0.0,0.0,view_to_cart
418619,High Revenue,282,0,0,0.0,0.0,0.0,view_to_cart
396064,High Revenue,280,0,0,0.0,0.0,0.0,view_to_cart
291389,High Revenue,279,0,0,0.0,0.0,0.0,view_to_cart
14974,High Revenue,274,0,0,0.0,0.0,0.0,view_to_cart
7765,High Revenue,274,0,0,0.0,0.0,0.0,view_to_cart
339479,High Revenue,273,0,0,0.0,0.0,0.0,view_to_cart
23707,High Revenue,273,0,0,0.0,0.0,0.0,view_to_cart
215308,High Revenue,272,0,0,0.0,0.0,0.0,view_to_cart
365202,High Revenue,269,0,0,0.0,0.0,0.0,view_to_cart
256134,High Revenue,265,0,0,0.0,0.0,0.0,view_to_cart
383715,High Revenue,265,0,0,0.0,0.0,0.0,view_to_cart
243554,High Revenue,264,0,0,0.0,0.0,0.0,view_to_cart
418572,High Revenue,264,0,0,0.0,0.0,0.0,view_to_cart
172605,High Revenue,264,0,0,0.0,0.0,0.0,view_to_cart
299592,High Revenue,263,0,0,0.0,0.0,0.0,view_to_cart
93389,High Revenue,262,0,0,0.0,0.0,0.0,view_to_cart
141295,High Revenue,261,0,0,0.0,0.0,0.0,view_to_cart
69599,High Revenue,257,0,0,0.0,0.0,0.0,view_to_cart
433059,High Revenue,256,0,0,0.0,0.0,0.0,view_to_cart
454771,High Revenue,256,0,0,0.0,0.0,0.0,view_to_cart
414704,High Revenue,254,0,0,0.0,0.0,0.0,view_to_cart
367956,High Revenue,254,0,0,0.0,0.0,0.0,view_to_cart
453235,High Revenue,253,0,0,0.0,0.0,0.0,view_to_cart
226127,High Revenue,253,0,0,0.0,0.0,0.0,view_to_cart
304973,High Revenue,251,0,0,0.0,0.0,0.0,view_to_cart
331168,High Revenue,251,0,0,0.0,0.0,0.0,view_to_cart
291860,High Revenue,251,0,0,0.0,0.0,0.0,view_to_cart
423851,High Revenue,251,0,0,0.0,0.0,0.0,view_to_cart
362914,High Revenue,251,0,0,0.0,0.0,0.0,view_to_cart
413901,High Revenue,249,0,0,0.0,0.0,0.0,view_to_cart
252860,High Revenue,248,0,0,0.0,0.0,0.0,view_to_cart
291774,High Revenue,247,0,0,0.0,0.0,0.0,view_to_cart
445757,High Revenue,246,0,0,0.0,0.0,0.0,view_to_cart
84172,High Revenue,246,0,0,0.0,0.0,0.0,view_to_cart
48256,High Revenue,244,0,0,0.0,0.0,0.0,view_to_cart
170085,High Revenue,243,0,0,0.0,0.0,0.0,view_to_cart
8497,High Revenue,240,0,0,0.0,0.0,0.0,view_to_cart
410286,High Revenue,238,0,0,0.0,0.0,0.0,view_to_cart
145582,High Revenue,237,0,0,0.0,0.0,0.0,view_to_cart
455499,High Revenue,236,0,0,0.0,0.0,0.0,view_to_cart
18921,High Revenue,236,0,0,0.0,0.0,0.0,view_to_cart
334004,High Revenue,235,0,0,0.0,0.0,0.0,view_to_cart
241441,High Revenue,235,0,0,0.0,0.0,0.0,view_to_cart
203917,High Revenue,235,0,0,0.0,0.0,0.0,view_to_cart
143689,High Revenue,233,0,1,231.85,231.85,0.43,view_to_cart
265674,High Revenue,233,0,0,0.0,0.0,0.0,view_to_cart
228521,High Revenue,233,0,0,0.0,0.0,0.0,view_to_cart
350528,High Revenue,232,0,0,0.0,0.0,0.0,view_to_cart
65889,High Revenue,232,0,0,0.0,0.0,0.0,view_to_cart
109661,High Revenue,232,0,0,0.0,0.0,0.0,view_to_cart
302696,High Revenue,231,0,0,0.0,0.0,0.0,view_to_cart
331446,High Revenue,230,0,0,0.0,0.0,0.0,view_to_cart
365879,High Revenue,229,0,0,0.0,0.0,0.0,view_to_cart
315489,High Revenue,228,0,0,0.0,0.0,0.0,view_to_cart
116429,High Revenue,225,0,0,0.0,0.0,0.0,view_to_cart
44053,High Revenue,225,0,0,0.0,0.0,0.0,view_to_cart
223064,High Revenue,225,0,0,0.0,0.0,0.0,view_to_cart
253565,High Revenue,223,0,0,0.0,0.0,0.0,view_to_cart
464541,High Revenue,223,0,0,0.0,0.0,0.0,view_to_cart
59471,High Revenue,222,0,0,0.0,0.0,0.0,view_to_cart
4437,High Revenue,221,0,0,0.0,0.0,0.0,view_to_cart
175332,High Revenue,221,0,0,0.0,0.0,0.0,view_to_cart
418181,High Revenue,219,0,0,0.0,0.0,0.0,view_to_cart
71846,High Revenue,219,0,0,0.0,0.0,0.0,view_to_cart
417418,High Revenue,218,0,0,0.0,0.0,0.0,view_to_cart
353519,High Revenue,217,0,0,0.0,0.0,0.0,view_to_cart
108646,High Revenue,217,0,0,0.0,0.0,0.0,view_to_cart
174529,High Revenue,217,0,0,0.0,0.0,0.0,view_to_cart
379215,High Revenue,216,0,0,0.0,0.0,0.0,view_to_cart
146528,High Revenue,215,0,0,0.0,0.0,0.0,view_to_cart
242188,High Revenue,214,0,0,0.0,0.0,0.0,view_to_cart
282746,High Revenue,214,0,0,0.0,0.0,0.0,view_to_cart
428034,High Revenue,214,0,0,0.0,0.0,0.0,view_to_cart
383450,High Revenue,214,0,0,0.0,0.0,0.0,view_to_cart
61784,High Revenue,214,0,0,0.0,0.0,0.0,view_to_cart
28900,High Revenue,214,0,0,0.0,0.0,0.0,view_to_cart
23593,High Revenue,214,0,0,0.0,0.0,0.0,view_to_cart
236141,High Revenue,214,0,0,0.0,0.0,0.0,view_to_cart
165996,High Revenue,213,0,0,0.0,0.0,0.0,view_to_cart
329146,High Revenue,212,0,0,0.0,0.0,0.0,view_to_cart
252262,High Revenue,212,0,0,0.0,0.0,0.0,view_to_cart
337262,High Revenue,211,0,0,0.0,0.0,0.0,view_to_cart
49810,High Revenue,211,0,0,0.0,0.0,0.0,view_to_cart
228068,High Revenue,211,0,0,0.0,0.0,0.0,view_to_cart
312202,High Revenue,210,0,0,0.0,0.0,0.0,view_to_cart
29216,High Revenue,210,0,0,0.0,0.0,0.0,view_to_cart
214436,High Revenue,210,0,0,0.0,0.0,0.0,view_to_cart
375386,High Revenue,209,0,0,0.0,0.0,0.0,view_to_cart
377683,High Revenue,209,0,0,0.0,0.0,0.0,view_to_cart
81185,High Revenue,209,0,0,0.0,0.0,0.0,view_to_cart
159430,High Revenue,209,0,0,0.0,0.0,0.0,view_to_cart
264384,High Revenue,207,0,0,0.0,0.0,0.0,view_to_cart
114752,High Revenue,207,0,0,0.0,0.0,0.0,view_to_cart
195971,High Revenue,207,0,0,0.0,0.0,0.0,view_to_cart
190515,High Revenue,207,0,0,0.0,0.0,0.0,view_to_cart
319613,High Revenue,205,0,0,0.0,0.0,0.0,view_to_cart
380944,High Revenue,205,0,0,0.0,0.0,0.0,view_to_cart
66145,High Revenue,204,0,0,0.0,0.0,0.0,view_to_cart
31004,High Revenue,203,0,0,0.0,0.0,0.0,view_to_cart
65286,High Revenue,201,0,1,339.26,339.26,0.5,view_to_cart
333289,High Revenue,201,0,0,0.0,0.0,0.0,view_to_cart
116248,High Revenue,201,0,0,0.0,0.0,0.0,view_to_cart
45782,High Revenue,201,0,0,0.0,0.0,0.0,view_to_cart
268683,High Revenue,200,0,0,0.0,0.0,0.0,view_to_cart
279906,High Revenue,200,0,0,0.0,0.0,0.0,view_to_cart
377385,High Revenue,200,0,0,0.0,0.0,0.0,view_to_cart
95683,High Revenue,200,0,0,0.0,0.0,0.0,view_to_cart
119283,High Revenue,200,0,0,0.0,0.0,0.0,view_to_cart
425374,High Revenue,199,0,0,0.0,0.0,0.0,view_to_cart
89675,High Revenue,199,0,0,0.0,0.0,0.0,view_to_cart
183371,High Revenue,199,0,0,0.0,0.0,0.0,view_to_cart
93018,High Revenue,198,0,0,0.0,0.0,0.0,view_to_cart
115946,High Revenue,197,0,0,0.0,0.0,0.0,view_to_cart
208460,High Revenue,197,0,0,0.0,0.0,0.0,view_to_cart
220165,High Revenue,197,0,0,0.0,0.0,0.0,view_to_cart
441642,High Revenue,193,0,0,0.0,0.0,0.0,view_to_cart
388562,High Revenue,193,0,0,0.0,0.0,0.0,view_to_cart
215944,High Revenue,193,0,0,0.0,0.0,0.0,view_to_cart
412616,High Revenue,190,0,0,0.0,0.0,0.0,view_to_cart
274445,High Revenue,189,0,0,0.0,0.0,0.0,view_to_cart
344435,High Revenue,188,0,0,0.0,0.0,0.0,view_to_cart
460658,High Revenue,188,0,0,0.0,0.0,0.0,view_to_cart
6656,High Revenue,188,0,0,0.0,0.0,0.0,view_to_cart
339661,High Revenue,187,0,0,0.0,0.0,0.0,view_to_cart
383285,High Revenue,187,0,0,0.0,0.0,0.0,view_to_cart
344603,High Revenue,186,0,0,0.0,0.0,0.0,view_to_cart
98071,High Revenue,186,0,0,0.0,0.0,0.0,view_to_cart
1489,High Revenue,186,0,0,0.0,0.0,0.0,view_to_cart
11131,High Revenue,186,0,0,0.0,0.0,0.0,view_to_cart
298747,High Revenue,185,0,0,0.0,0.0,0.0,view_to_cart
377723,High Revenue,185,0,0,0.0,0.0,0.0,view_to_cart
104982,High Revenue,185,0,0,0.0,0.0,0.0,view_to_cart
91522,High Revenue,185,0,0,0.0,0.0,0.0,view_to_cart
285260,High Revenue,184,0,0,0.0,0.0,0.0,view_to_cart
86342,High Revenue,184,0,0,0.0,0.0,0.0,view_to_cart
319114,High Revenue,183,0,0,0.0,0.0,0.0,view_to_cart
401941,High Revenue,183,0,0,0.0,0.0,0.0,view_to_cart
56947,High Revenue,183,0,0,0.0,0.0,0.0,view_to_cart
257338,High Revenue,182,0,0,0.0,0.0,0.0,view_to_cart
114340,High Revenue,182,0,0,0.0,0.0,0.0,view_to_cart
96489,High Revenue,182,0,0,0.0,0.0,0.0,view_to_cart
376823,High Revenue,181,0,0,0.0,0.0,0.0,view_to_cart
145024,High Revenue,181,0,0,0.0,0.0,0.0,view_to_cart
219034,High Revenue,180,0,0,0.0,0.0,0.0,view_to_cart
138201,High Revenue,180,0,0,0.0,0.0,0.0,view_to_cart
303548,High Revenue,179,0,0,0.0,0.0,0.0,view_to_cart
425296,High Revenue,179,0,0,0.0,0.0,0.0,view_to_cart
31954,High Revenue,179,0,0,0.0,0.0,0.0,view_to_cart
340894,High Revenue,178,0,0,0.0,0.0,0.0,view_to_cart
64521,High Revenue,178,0,0,0.0,0.0,0.0,view_to_cart
183095,High Revenue,178,0,0,0.0,0.0,0.0,view_to_cart
19402,High Revenue,177,0,0,0.0,0.0,0.0,view_to_cart
315810,High Revenue,176,0,0,0.0,0.0,0.0,view_to_cart
301404,High Revenue,176,0,0,0.0,0.0,0.0,view_to_cart
239604,High Revenue,176,0,0,0.0,0.0,0.0,view_to_cart
47541,High Revenue,176,0,0,0.0,0.0,0.0,view_to_cart
245333,High Revenue,175,0,0,0.0,0.0,0.0,view_to_cart
377500,High Revenue,175,0,0,0.0,0.0,0.0,view_to_cart
380250,High Revenue,175,0,0,0.0,0.0,0.0,view_to_cart
107042,High Revenue,175,0,0,0.0,0.0,0.0,view_to_cart
26423,High Revenue,175,0,0,0.0,0.0,0.0,view_to_cart
287470,High Revenue,174,0,0,0.0,0.0,0.0,view_to_cart
452267,High Revenue,174,0,0,0.0,0.0,0.0,view_to_cart
445187,High Revenue,174,0,0,0.0,0.0,0.0,view_to_cart
105815,High Revenue,174,0,0,0.0,0.0,0.0,view_to_cart
200117,High Revenue,174,0,0,0.0,0.0,0.0,view_to_cart
178502,High Revenue,174,0,0,0.0,0.0,0.0,view_to_cart
160053,High Revenue,174,0,0,0.0,0.0,0.0,view_to_cart
4596,High Revenue,173,0,0,0.0,0.0,0.0,view_to_cart
200082,High Revenue,173,0,0,0.0,0.0,0.0,view_to_cart
240865,High Revenue,172,0,0,0.0,0.0,0.0,view_to_cart
427018,High Revenue,172,0,0,0.0,0.0,0.0,view_to_cart
434240,High Revenue,172,0,0,0.0,0.0,0.0,view_to_cart
400600,High Revenue,172,0,0,0.0,0.0,0.0,view_to_cart
74494,High Revenue,172,0,0,0.0,0.0,0.0,view_to_cart
109288,High Revenue,172,0,0,0.0,0.0,0.0,view_to_cart
237863,High Revenue,172,0,0,0.0,0.0,0.0,view_to_cart
172126,High Revenue,172,0,0,0.0,0.0,0.0,view_to_cart
462430,High Revenue,171,0,0,0.0,0.0,0.0,view_to_cart
362414,High Revenue,171,0,0,0.0,0.0,0.0,view_to_cart
227112,High Revenue,171,0,0,0.0,0.0,0.0,view_to_cart
310608,High Revenue,170,0,0,0.0,0.0,0.0,view_to_cart
294130,High Revenue,170,0,0,0.0,0.0,0.0,view_to_cart
58185,High Revenue,170,0,0,0.0,0.0,0.0,view_to_cart
220558,High Revenue,170,0,0,0.0,0.0,0.0,view_to_cart
133138,High Revenue,170,0,0,0.0,0.0,0.0,view_to_cart
324077,High Revenue,169,0,0,0.0,0.0,0.0,view_to_cart
100150,High Revenue,169,0,0,0.0,0.0,0.0,view_to_cart
194252,High Revenue,169,0,0,0.0,0.0,0.0,view_to_cart
119365,High Revenue,169,0,0,0.0,0.0,0.0,view_to_cart
301657,High Revenue,168,0,0,0.0,0.0,0.0,view_to_cart
426684,High Revenue,168,0,0,0.0,0.0,0.0,view_to_cart
358513,High Revenue,168,0,0,0.0,0.0,0.0,view_to_cart
89737,High Revenue,168,0,0,0.0,0.0,0.0,view_to_cart
433037,High Revenue,167,0,0,0.0,0.0,0.0,view_to_cart
456262,High Revenue,167,0,0,0.0,0.0,0.0,view_to_cart
261427,High Revenue,166,0,0,0.0,0.0,0.0,view_to_cart
296247,High Revenue,166,0,0,0.0,0.0,0.0,view_to_cart
457195,High Revenue,166,0,0,0.0,0.0,0.0,view_to_cart
208198,High Revenue,166,0,0,0.0,0.0,0.0,view_to_cart
203248,High Revenue,166,0,0,0.0,0.0,0.0,view_to_cart
214537,High Revenue,166,0,0,0.0,0.0,0.0,view_to_cart
328896,High Revenue,165,0,0,0.0,0.0,0.0,view_to_cart
114024,High Revenue,165,0,0,0.0,0.0,0.0,view_to_cart
5305,High Revenue,165,0,0,0.0,0.0,0.0,view_to_cart
203759,High Revenue,165,0,0,0.0,0.0,0.0,view_to_cart
225083,High Revenue,165,0,0,0.0,0.0,0.0,view_to_cart
258949,High Revenue,164,0,0,0.0,0.0,0.0,view_to_cart
358051,High Revenue,164,0,0,0.0,0.0,0.0,view_to_cart
212993,High Revenue,164,0,0,0.0,0.0,0.0,view_to_cart
120337,High Revenue,164,0,0,0.0,0.0,0.0,view_to_cart
305782,High Revenue,163,0,0,0.0,0.0,0.0,view_to_cart
221845,High Revenue,163,0,0,0.0,0.0,0.0,view_to_cart
164834,High Revenue,163,0,0,0.0,0.0,0.0,view_to_cart
167539,High Revenue,163,0,0,0.0,0.0,0.0,view_to_cart
316653,High Revenue,162,0,0,0.0,0.0,0.0,view_to_cart
311774,High Revenue,162,0,0,0.0,0.0,0.0,view_to_cart
391512,High Revenue,162,0,0,0.0,0.0,0.0,view_to_cart
63451,High Revenue,162,0,0,0.0,0.0,0.0,view_to_cart
104050,High Revenue,162,0,0,0.0,0.0,0.0,view_to_cart
98576,High Revenue,162,0,0,0.0,0.0,0.0,view_to_cart
29057,High Revenue,162,0,0,0.0,0.0,0.0,view_to_cart
14434,High Revenue,162,0,0,0.0,0.0,0.0,view_to_cart
244587,High Revenue,161,0,0,0.0,0.0,0.0,view_to_cart
392563,High Revenue,161,0,0,0.0,0.0,0.0,view_to_cart
224231,High Revenue,160,0,1,471.58,471.58,0.62,view_to_cart
418794,High Revenue,160,0,0,0.0,0.0,0.0,view_to_cart
448332,High Revenue,160,0,0,0.0,0.0,0.0,view_to_cart
215977,High Revenue,160,0,0,0.0,0.0,0.0,view_to_cart
322513,High Revenue,159,0,0,0.0,0.0,0.0,view_to_cart
323911,High Revenue,159,0,0,0.0,0.0,0.0,view_to_cart
452896,High Revenue,159,0,0,0.0,0.0,0.0,view_to_cart
393733,High Revenue,159,0,0,0.0,0.0,0.0,view_to_cart
141172,High Revenue,159,0,0,0.0,0.0,0.0,view_to_cart
282472,High Revenue,158,0,0,0.0,0.0,0.0,view_to_cart
462945,High Revenue,158,0,0,0.0,0.0,0.0,view_to_cart
447254,High Revenue,158,0,0,0.0,0.0,0.0,view_to_cart
396768,High Revenue,158,0,0,0.0,0.0,0.0,view_to_cart
382128,High Revenue,158,0,0,0.0,0.0,0.0,view_to_cart
107164,High Revenue,158,0,0,0.0,0.0,0.0,view_to_cart
179991,High Revenue,158,0,0,0.0,0.0,0.0,view_to_cart
126126,High Revenue,158,0,0,0.0,0.0,0.0,view_to_cart
343537,High Revenue,157,0,0,0.0,0.0,0.0,view_to_cart
341333,High Revenue,157,0,0,0.0,0.0,0.0,view_to_cart
314616,High Revenue,156,0,0,0.0,0.0,0.0,view_to_cart
312959,High Revenue,156,0,0,0.0,0.0,0.0,view_to_cart
254882,High Revenue,156,0,0,0.0,0.0,0.0,view_to_cart
378116,High Revenue,156,0,0,0.0,0.0,0.0,view_to_cart
55511,High Revenue,156,0,0,0.0,0.0,0.0,view_to_cart
230223,High Revenue,156,0,0,0.0,0.0,0.0,view_to_cart
211285,High Revenue,156,0,0,0.0,0.0,0.0,view_to_cart
138636,High Revenue,156,0,0,0.0,0.0,0.0,view_to_cart
134620,High Revenue,156,0,0,0.0,0.0,0.0,view_to_cart
426281,High Revenue,155,0,0,0.0,0.0,0.0,view_to_cart
461944,High Revenue,155,0,0,0.0,0.0,0.0,view_to_cart
370482,High Revenue,155,0,0,0.0,0.0,0.0,view_to_cart
194729,High Revenue,155,0,0,0.0,0.0,0.0,view_to_cart
213902,High Revenue,155,0,0,0.0,0.0,0.0,view_to_cart
374675,High Revenue,154,0,0,0.0,0.0,0.0,view_to_cart
353941,High Revenue,154,0,0,0.0,0.0,0.0,view_to_cart
212847,High Revenue,154,0,0,0.0,0.0,0.0,view_to_cart
271043,High Revenue,153,0,0,0.0,0.0,0.0,view_to_cart
370956,High Revenue,153,0,0,0.0,0.0,0.0,view_to_cart
404604,High Revenue,153,0,0,0.0,0.0,0.0,view_to_cart
95953,High Revenue,153,0,0,0.0,0.0,0.0,view_to_cart
186837,High Revenue,153,0,0,0.0,0.0,0.0,view_to_cart
128918,High Revenue,153,0,0,0.0,0.0,0.0,view_to_cart
165922,High Revenue,153,0,0,0.0,0.0,0.0,view_to_cart
150979,High Revenue,153,0,0,0.0,0.0,0.0,view_to_cart
245573,High Revenue,152,0,0,0.0,0.0,0.0,view_to_cart
241782,High Revenue,152,0,0,0.0,0.0,0.0,view_to_cart
409911,High Revenue,152,0,0,0.0,0.0,0.0,view_to_cart
419874,High Revenue,152,0,0,0.0,0.0,0.0,view_to_cart
442793,High Revenue,152,0,0,0.0,0.0,0.0,view_to_cart
447029,High Revenue,152,0,0,0.0,0.0,0.0,view_to_cart
32057,High Revenue,152,0,0,0.0,0.0,0.0,view_to_cart
230985,High Revenue,152,0,0,0.0,0.0,0.0,view_to_cart
59834,High Revenue,151,0,0,0.0,0.0,0.0,view_to_cart
18893,High Revenue,151,0,0,0.0,0.0,0.0,view_to_cart
343247,High Revenue,150,0,0,0.0,0.0,0.0,view_to_cart
419825,High Revenue,150,0,0,0.0,0.0,0.0,view_to_cart
188686,High Revenue,150,0,0,0.0,0.0,0.0,view_to_cart
229378,High Revenue,150,0,0,0.0,0.0,0.0,view_to_cart
361380,High Revenue,149,0,0,0.0,0.0,0.0,view_to_cart
81554,High Revenue,149,0,0,0.0,0.0,0.0,view_to_cart
215764,High Revenue,149,0,0,0.0,0.0,0.0,view_to_cart
142936,High Revenue,149,0,0,0.0,0.0,0.0,view_to_cart
301235,High Revenue,148,0,0,0.0,0.0,0.0,view_to_cart
327598,High Revenue,148,0,0,0.0,0.0,0.0,view_to_cart
373851,High Revenue,148,0,0,0.0,0.0,0.0,view_to_cart
350689,High Revenue,148,0,0,0.0,0.0,0.0,view_to_cart
69981,High Revenue,148,0,0,0.0,0.0,0.0,view_to_cart
94198,High Revenue,148,0,0,0.0,0.0,0.0,view_to_cart
211546,High Revenue,148,0,0,0.0,0.0,0.0,view_to_cart
326436,High Revenue,147,0,0,0.0,0.0,0.0,view_to_cart
358664,High Revenue,147,0,0,0.0,0.0,0.0,view_to_cart
28136,High Revenue,147,0,0,0.0,0.0,0.0,view_to_cart
150403,High Revenue,147,0,0,0.0,0.0,0.0,view_to_cart
281552,High Revenue,146,0,0,0.0,0.0,0.0,view_to_cart
428952,High Revenue,146,0,0,0.0,0.0,0.0,view_to_cart
80921,High Revenue,146,0,0,0.0,0.0,0.0,view_to_cart
141780,High Revenue,146,0,0,0.0,0.0,0.0,view_to_cart
294654,High Revenue,145,0,0,0.0,0.0,0.0,view_to_cart
399557,High Revenue,145,0,0,0.0,0.0,0.0,view_to_cart
58773,High Revenue,145,0,0,0.0,0.0,0.0,view_to_cart
216655,High Revenue,145,0,0,0.0,0.0,0.0,view_to_cart
330865,High Revenue,144,0,0,0.0,0.0,0.0,view_to_cart
246934,High Revenue,144,0,0,0.0,0.0,0.0,view_to_cart
274974,High Revenue,144,0,0,0.0,0.0,0.0,view_to_cart
439319,High Revenue,144,0,0,0.0,0.0,0.0,view_to_cart
360141,High Revenue,144,0,0,0.0,0.0,0.0,view_to_cart
357620,High Revenue,144,0,0,0.0,0.0,0.0,view_to_cart
115584,High Revenue,144,0,0,0.0,0.0,0.0,view_to_cart
119670,High Revenue,144,0,0,0.0,0.0,0.0,view_to_cart
312711,High Revenue,143,0,0,0.0,0.0,0.0,view_to_cart
341685,High Revenue,143,0,0,0.0,0.0,0.0,view_to_cart
460992,High Revenue,143,0,0,0.0,0.0,0.0,view_to_cart
396284,High Revenue,143,0,0,0.0,0.0,0.0,view_to_cart
404258,High Revenue,143,0,0,0.0,0.0,0.0,view_to_cart
64835,High Revenue,143,0,0,0.0,0.0,0.0,view_to_cart
327203,High Revenue,142,0,0,0.0,0.0,0.0,view_to_cart
47829,High Revenue,142,0,0,0.0,0.0,0.0,view_to_cart
131638,High Revenue,142,0,0,0.0,0.0,0.0,view_to_cart
309652,High Revenue,141,0,0,0.0,0.0,0.0,view_to_cart
57578,High Revenue,141,0,0,0.0,0.0,0.0,view_to_cart
180612,High Revenue,141,0,0,0.0,0.0,0.0,view_to_cart
220761,High Revenue,141,0,0,0.0,0.0,0.0,view_to_cart
122350,High Revenue,141,0,0,0.0,0.0,0.0,view_to_cart
158564,High Revenue,141,0,0,0.0,0.0,0.0,view_to_cart
308538,High Revenue,140,0,0,0.0,0.0,0.0,view_to_cart
429380,High Revenue,140,0,0,0.0,0.0,0.0,view_to_cart
370081,High Revenue,140,0,0,0.0,0.0,0.0,view_to_cart
99788,High Revenue,140,0,0,0.0,0.0,0.0,view_to_cart
183319,High Revenue,140,0,0,0.0,0.0,0.0,view_to_cart
311241,High Revenue,139,0,0,0.0,0.0,0.0,view_to_cart
448351,High Revenue,139,0,0,0.0,0.0,0.0,view_to_cart
394089,High Revenue,139,0,0,0.0,0.0,0.0,view_to_cart
63928,High Revenue,139,0,0,0.0,0.0,0.0,view_to_cart
197775,High Revenue,139,0,0,0.0,0.0,0.0,view_to_cart
198251,High Revenue,139,0,0,0.0,0.0,0.0,view_to_cart
449130,High Revenue,138,0,0,0.0,0.0,0.0,view_to_cart
374234,High Revenue,138,0,0,0.0,0.0,0.0,view_to_cart
350141,High Revenue,138,0,0,0.0,0.0,0.0,view_to_cart
74792,High Revenue,138,0,0,0.0,0.0,0.0,view_to_cart
83752,High Revenue,138,0,0,0.0,0.0,0.0,view_to_cart
5697,High Revenue,138,0,0,0.0,0.0,0.0,view_to_cart
226224,High Revenue,138,0,0,0.0,0.0,0.0,view_to_cart
306458,High Revenue,137,0,0,0.0,0.0,0.0,view_to_cart
374981,High Revenue,137,0,0,0.0,0.0,0.0,view_to_cart
354759,High Revenue,137,0,0,0.0,0.0,0.0,view_to_cart
16279,High Revenue,137,0,0,0.0,0.0,0.0,view_to_cart
23388,High Revenue,137,0,0,0.0,0.0,0.0,view_to_cart
41673,High Revenue,137,0,0,0.0,0.0,0.0,view_to_cart
132686,High Revenue,137,0,0,0.0,0.0,0.0,view_to_cart
314553,High Revenue,136,0,0,0.0,0.0,0.0,view_to_cart
324538,High Revenue,136,0,0,0.0,0.0,0.0,view_to_cart
280148,High Revenue,136,0,0,0.0,0.0,0.0,view_to_cart
421062,High Revenue,136,0,0,0.0,0.0,0.0,view_to_cart
364888,High Revenue,136,0,0,0.0,0.0,0.0,view_to_cart
80087,High Revenue,136,0,0,0.0,0.0,0.0,view_to_cart
1981,High Revenue,136,0,0,0.0,0.0,0.0,view_to_cart
45589,High Revenue,136,0,0,0.0,0.0,0.0,view_to_cart
197305,High Revenue,136,0,0,0.0,0.0,0.0,view_to_cart
175574,High Revenue,136,0,0,0.0,0.0,0.0,view_to_cart
151148,High Revenue,136,0,0,0.0,0.0,0.0,view_to_cart
241213,High Revenue,135,0,0,0.0,0.0,0.0,view_to_cart
241275,High Revenue,135,0,0,0.0,0.0,0.0,view_to_cart
274217,High Revenue,135,0,0,0.0,0.0,0.0,view_to_cart
278966,High Revenue,135,0,0,0.0,0.0,0.0,view_to_cart
435796,High Revenue,135,0,0,0.0,0.0,0.0,view_to_cart
84297,High Revenue,135,0,0,0.0,0.0,0.0,view_to_cart
107752,High Revenue,135,0,0,0.0,0.0,0.0,view_to_cart
224391,High Revenue,135,0,0,0.0,0.0,0.0,view_to_cart
220137,High Revenue,135,0,0,0.0,0.0,0.0,view_to_cart
301492,High Revenue,134,0,0,0.0,0.0,0.0,view_to_cart
78842,High Revenue,134,0,0,0.0,0.0,0.0,view_to_cart
91363,High Revenue,134,0,0,0.0,0.0,0.0,view_to_cart
33692,High Revenue,134,0,0,0.0,0.0,0.0,view_to_cart
43441,High Revenue,134,0,0,0.0,0.0,0.0,view_to_cart
38798,High Revenue,134,0,0,0.0,0.0,0.0,view_to_cart
199706,High Revenue,134,0,0,0.0,0.0,0.0,view_to_cart
342865,High Revenue,133,0,0,0.0,0.0,0.0,view_to_cart
394608,High Revenue,133,0,0,0.0,0.0,0.0,view_to_cart
205864,High Revenue,133,0,0,0.0,0.0,0.0,view_to_cart
181142,High Revenue,133,0,0,0.0,0.0,0.0,view_to_cart
216095,High Revenue,133,0,0,0.0,0.0,0.0,view_to_cart
211187,High Revenue,133,0,0,0.0,0.0,0.0,view_to_cart
158507,High Revenue,133,0,0,0.0,0.0,0.0,view_to_cart
63668,High Revenue,132,0,0,0.0,0.0,0.0,view_to_cart
117283,High Revenue,132,0,0,0.0,0.0,0.0,view_to_cart
53171,High Revenue,132,0,0,0.0,0.0,0.0,view_to_cart
294614,High Revenue,131,0,0,0.0,0.0,0.0,view_to_cart
460751,High Revenue,131,0,0,0.0,0.0,0.0,view_to_cart
403612,High Revenue,131,0,0,0.0,0.0,0.0,view_to_cart
75141,High Revenue,131,0,0,0.0,0.0,0.0,view_to_cart
114971,High Revenue,131,0,0,0.0,0.0,0.0,view_to_cart
26126,High Revenue,131,0,0,0.0,0.0,0.0,view_to_cart
183224,High Revenue,131,0,0,0.0,0.0,0.0,view_to_cart
239512,High Revenue,131,0,0,0.0,0.0,0.0,view_to_cart
232568,High Revenue,131,0,0,0.0,0.0,0.0,view_to_cart
165056,High Revenue,131,0,0,0.0,0.0,0.0,view_to_cart
255055,High Revenue,130,0,0,0.0,0.0,0.0,view_to_cart
250851,High Revenue,130,0,0,0.0,0.0,0.0,view_to_cart
424533,High Revenue,130,0,0,0.0,0.0,0.0,view_to_cart
433165,High Revenue,130,0,0,0.0,0.0,0.0,view_to_cart
104746,High Revenue,130,0,0,0.0,0.0,0.0,view_to_cart
90828,High Revenue,130,0,0,0.0,0.0,0.0,view_to_cart
8653,High Revenue,130,0,0,0.0,0.0,0.0,view_to_cart
205044,High Revenue,130,0,0,0.0,0.0,0.0,view_to_cart
237972,High Revenue,130,0,0,0.0,0.0,0.0,view_to_cart
143464,High Revenue,130,0,0,0.0,0.0,0.0,view_to_cart
335743,High Revenue,129,0,0,0.0,0.0,0.0,view_to_cart
334366,High Revenue,129,0,0,0.0,0.0,0.0,view_to_cart
295525,High Revenue,129,0,0,0.0,0.0,0.0,view_to_cart
374517,High Revenue,129,0,0,0.0,0.0,0.0,view_to_cart
61217,High Revenue,129,0,0,0.0,0.0,0.0,view_to_cart
103724,High Revenue,129,0,0,0.0,0.0,0.0,view_to_cart
104311,High Revenue,129,0,0,0.0,0.0,0.0,view_to_cart
29015,High Revenue,129,0,0,0.0,0.0,0.0,view_to_cart
33638,High Revenue,129,0,0,0.0,0.0,0.0,view_to_cart
189571,High Revenue,129,0,0,0.0,0.0,0.0,view_to_cart
128651,High Revenue,129,0,0,0.0,0.0,0.0,view_to_cart
333147,High Revenue,128,0,0,0.0,0.0,0.0,view_to_cart
328140,High Revenue,128,0,0,0.0,0.0,0.0,view_to_cart
240088,High Revenue,128,0,0,0.0,0.0,0.0,view_to_cart
242548,High Revenue,128,0,0,0.0,0.0,0.0,view_to_cart
283541,High Revenue,128,0,0,0.0,0.0,0.0,view_to_cart
445922,High Revenue,128,0,0,0.0,0.0,0.0,view_to_cart
377633,High Revenue,128,0,0,0.0,0.0,0.0,view_to_cart
115677,High Revenue,128,0,0,0.0,0.0,0.0,view_to_cart
199484,High Revenue,128,0,0,0.0,0.0,0.0,view_to_cart
216678,High Revenue,128,0,0,0.0,0.0,0.0,view_to_cart
122225,High Revenue,128,0,0,0.0,0.0,0.0,view_to_cart
299347,High Revenue,127,0,0,0.0,0.0,0.0,view_to_cart
259273,High Revenue,127,0,0,0.0,0.0,0.0,view_to_cart
243224,High Revenue,127,0,0,0.0,0.0,0.0,view_to_cart
362464,High Revenue,127,0,0,0.0,0.0,0.0,view_to_cart
371306,High Revenue,127,0,0,0.0,0.0,0.0,view_to_cart
361109,High Revenue,127,0,0,0.0,0.0,0.0,view_to_cart
402460,High Revenue,127,0,0,0.0,0.0,0.0,view_to_cart
199885,High Revenue,127,0,0,0.0,0.0,0.0,view_to_cart
130423,High Revenue,127,0,0,0.0,0.0,0.0,view_to_cart
300466,High Revenue,126,0,0,0.0,0.0,0.0,view_to_cart
299576,High Revenue,126,0,0,0.0,0.0,0.0,view_to_cart
263025,High Revenue,126,0,0,0.0,0.0,0.0,view_to_cart
275192,High Revenue,126,0,0,0.0,0.0,0.0,view_to_cart
456578,High Revenue,126,0,0,0.0,0.0,0.0,view_to_cart
362964,High Revenue,126,0,0,0.0,0.0,0.0,view_to_cart
387035,High Revenue,126,0,0,0.0,0.0,0.0,view_to_cart
105149,High Revenue,126,0,0,0.0,0.0,0.0,view_to_cart
47948,High Revenue,126,0,0,0.0,0.0,0.0,view_to_cart
39233,High Revenue,126,0,0,0.0,0.0,0.0,view_to_cart
194557,High Revenue,126,0,0,0.0,0.0,0.0,view_to_cart
208051,High Revenue,126,0,0,0.0,0.0,0.0,view_to_cart
165228,High Revenue,126,0,0,0.0,0.0,0.0,view_to_cart
315900,High Revenue,125,0,0,0.0,0.0,0.0,view_to_cart
324624,High Revenue,125,0,0,0.0,0.0,0.0,view_to_cart
271872,High Revenue,125,0,0,0.0,0.0,0.0,view_to_cart
349690,High Revenue,125,0,0,0.0,0.0,0.0,view_to_cart
10442,High Revenue,125,0,0,0.0,0.0,0.0,view_to_cart
183106,High Revenue,125,0,0,0.0,0.0,0.0,view_to_cart
190173,High Revenue,125,0,0,0.0,0.0,0.0,view_to_cart
164563,High Revenue,125,0,0,0.0,0.0,0.0,view_to_cart
425258,High Revenue,124,0,0,0.0,0.0,0.0,view_to_cart
432208,High Revenue,124,0,0,0.0,0.0,0.0,view_to_cart
444090,High Revenue,124,0,0,0.0,0.0,0.0,view_to_cart
85227,High Revenue,124,0,0,0.0,0.0,0.0,view_to_cart
98057,High Revenue,124,0,0,0.0,0.0,0.0,view_to_cart
11098,High Revenue,124,0,0,0.0,0.0,0.0,view_to_cart
43677,High Revenue,124,0,0,0.0,0.0,0.0,view_to_cart
168823,High Revenue,124,0,0,0.0,0.0,0.0,view_to_cart
302226,High Revenue,123,0,0,0.0,0.0,0.0,view_to_cart
407303,High Revenue,123,0,0,0.0,0.0,0.0,view_to_cart
21348,High Revenue,123,0,0,0.0,0.0,0.0,view_to_cart
24161,High Revenue,123,0,0,0.0,0.0,0.0,view_to_cart
170320,High Revenue,123,0,0,0.0,0.0,0.0,view_to_cart
265741,High Revenue,122,0,0,0.0,0.0,0.0,view_to_cart
242760,High Revenue,122,0,0,0.0,0.0,0.0,view_to_cart
242389,High Revenue,122,0,0,0.0,0.0,0.0,view_to_cart
275793,High Revenue,122,0,0,0.0,0.0,0.0,view_to_cart
433904,High Revenue,122,0,0,0.0,0.0,0.0,view_to_cart
75446,High Revenue,122,0,0,0.0,0.0,0.0,view_to_cart
72156,High Revenue,122,0,0,0.0,0.0,0.0,view_to_cart
29080,High Revenue,122,0,0,0.0,0.0,0.0,view_to_cart
58778,High Revenue,122,0,0,0.0,0.0,0.0,view_to_cart
236678,High Revenue,122,0,0,0.0,0.0,0.0,view_to_cart
215795,High Revenue,122,0,0,0.0,0.0,0.0,view_to_cart
142198,High Revenue,122,0,0,0.0,0.0,0.0,view_to_cart
172497,High Revenue,122,0,0,0.0,0.0,0.0,view_to_cart
323403,High Revenue,121,0,0,0.0,0.0,0.0,view_to_cart
267596,High Revenue,121,0,0,0.0,0.0,0.0,view_to_cart
275609,High Revenue,121,0,0,0.0,0.0,0.0,view_to_cart
350002,High Revenue,121,0,0,0.0,0.0,0.0,view_to_cart
87778,High Revenue,121,0,0,0.0,0.0,0.0,view_to_cart
61843,High Revenue,121,0,0,0.0,0.0,0.0,view_to_cart
111379,High Revenue,121,0,0,0.0,0.0,0.0,view_to_cart
91305,High Revenue,121,0,0,0.0,0.0,0.0,view_to_cart
146613,High Revenue,121,0,0,0.0,0.0,0.0,view_to_cart
158037,High Revenue,121,0,0,0.0,0.0,0.0,view_to_cart
310787,High Revenue,120,0,0,0.0,0.0,0.0,view_to_cart
452124,High Revenue,120,0,0,0.0,0.0,0.0,view_to_cart
79150,High Revenue,120,0,0,0.0,0.0,0.0,view_to_cart
65761,High Revenue,120,0,0,0.0,0.0,0.0,view_to_cart
117942,High Revenue,120,0,0,0.0,0.0,0.0,view_to_cart
113523,High Revenue,120,0,0,0.0,0.0,0.0,view_to_cart
100520,High Revenue,120,0,0,0.0,0.0,0.0,view_to_cart
43646,High Revenue,120,0,0,0.0,0.0,0.0,view_to_cart
313782,High Revenue,119,0,0,0.0,0.0,0.0,view_to_cart
258863,High Revenue,119,0,0,0.0,0.0,0.0,view_to_cart
291096,High Revenue,119,0,0,0.0,0.0,0.0,view_to_cart
446358,High Revenue,119,0,0,0.0,0.0,0.0,view_to_cart
359214,High Revenue,119,0,0,0.0,0.0,0.0,view_to_cart
360137,High Revenue,119,0,0,0.0,0.0,0.0,view_to_cart
354733,High Revenue,119,0,0,0.0,0.0,0.0,view_to_cart
53151,High Revenue,119,0,0,0.0,0.0,0.0,view_to_cart
190304,High Revenue,119,0,0,0.0,0.0,0.0,view_to_cart
234379,High Revenue,119,0,0,0.0,0.0,0.0,view_to_cart
258094,High Revenue,118,0,0,0.0,0.0,0.0,view_to_cart
273890,High Revenue,118,0,0,0.0,0.0,0.0,view_to_cart
410819,High Revenue,118,0,0,0.0,0.0,0.0,view_to_cart
417884,High Revenue,118,0,0,0.0,0.0,0.0,view_to_cart
363345,High Revenue,118,0,0,0.0,0.0,0.0,view_to_cart
26463,High Revenue,118,0,0,0.0,0.0,0.0,view_to_cart
43757,High Revenue,118,0,0,0.0,0.0,0.0,view_to_cart
229527,High Revenue,118,0,0,0.0,0.0,0.0,view_to_cart
150632,High Revenue,118,0,0,0.0,0.0,0.0,view_to_cart
305031,High Revenue,117,0,0,0.0,0.0,0.0,view_to_cart
286062,High Revenue,117,0,0,0.0,0.0,0.0,view_to_cart
412905,High Revenue,117,0,0,0.0,0.0,0.0,view_to_cart
421735,High Revenue,117,0,0,0.0,0.0,0.0,view_to_cart
466735,High Revenue,117,0,0,0.0,0.0,0.0,view_to_cart
356129,High Revenue,117,0,0,0.0,0.0,0.0,view_to_cart
355061,High Revenue,117,0,0,0.0,0.0,0.0,view_to_cart
404034,High Revenue,117,0,0,0.0,0.0,0.0,view_to_cart
379467,High Revenue,117,0,0,0.0,0.0,0.0,view_to_cart
65778,High Revenue,117,0,0,0.0,0.0,0.0,view_to_cart
95088,High Revenue,117,0,0,0.0,0.0,0.0,view_to_cart
30423,High Revenue,117,0,0,0.0,0.0,0.0,view_to_cart
222721,High Revenue,117,0,0,0.0,0.0,0.0,view_to_cart
130356,High Revenue,117,0,0,0.0,0.0,0.0,view_to_cart
284405,High Revenue,116,0,0,0.0,0.0,0.0,view_to_cart
413649,High Revenue,116,0,0,0.0,0.0,0.0,view_to_cart
81214,High Revenue,116,0,0,0.0,0.0,0.0,view_to_cart
84088,High Revenue,116,0,0,0.0,0.0,0.0,view_to_cart
99135,High Revenue,116,0,0,0.0,0.0,0.0,view_to_cart
14981,High Revenue,116,0,0,0.0,0.0,0.0,view_to_cart
29118,High Revenue,116,0,0,0.0,0.0,0.0,view_to_cart
3858,High Revenue,116,0,0,0.0,0.0,0.0,view_to_cart
34130,High Revenue,116,0,0,0.0,0.0,0.0,view_to_cart
37680,High Revenue,116,0,0,0.0,0.0,0.0,view_to_cart
198437,High Revenue,116,0,0,0.0,0.0,0.0,view_to_cart
179455,High Revenue,116,0,0,0.0,0.0,0.0,view_to_cart
319019,High Revenue,115,0,0,0.0,0.0,0.0,view_to_cart
414492,High Revenue,115,0,0,0.0,0.0,0.0,view_to_cart
460932,High Revenue,115,0,0,0.0,0.0,0.0,view_to_cart
374091,High Revenue,115,0,0,0.0,0.0,0.0,view_to_cart
402908,High Revenue,115,0,0,0.0,0.0,0.0,view_to_cart
16896,High Revenue,115,0,0,0.0,0.0,0.0,view_to_cart
51378,High Revenue,115,0,0,0.0,0.0,0.0,view_to_cart
196766,High Revenue,115,0,0,0.0,0.0,0.0,view_to_cart
237587,High Revenue,115,0,0,0.0,0.0,0.0,view_to_cart
212467,High Revenue,115,0,0,0.0,0.0,0.0,view_to_cart
312220,High Revenue,114,0,0,0.0,0.0,0.0,view_to_cart
329317,High Revenue,114,0,0,0.0,0.0,0.0,view_to_cart
253369,High Revenue,114,0,0,0.0,0.0,0.0,view_to_cart
84149,High Revenue,114,0,0,0.0,0.0,0.0,view_to_cart
71843,High Revenue,114,0,0,0.0,0.0,0.0,view_to_cart
51069,High Revenue,114,0,0,0.0,0.0,0.0,view_to_cart
203230,High Revenue,114,0,0,0.0,0.0,0.0,view_to_cart
231009,High Revenue,114,0,0,0.0,0.0,0.0,view_to_cart
147836,High Revenue,114,0,0,0.0,0.0,0.0,view_to_cart
130644,High Revenue,114,0,0,0.0,0.0,0.0,view_to_cart
129457,High Revenue,114,0,0,0.0,0.0,0.0,view_to_cart
172244,High Revenue,114,0,0,0.0,0.0,0.0,view_to_cart
323057,High Revenue,113,0,0,0.0,0.0,0.0,view_to_cart
319242,High Revenue,113,0,0,0.0,0.0,0.0,view_to_cart
424952,High Revenue,113,0,0,0.0,0.0,0.0,view_to_cart
425260,High Revenue,113,0,0,0.0,0.0,0.0,view_to_cart
457717,High Revenue,113,0,0,0.0,0.0,0.0,view_to_cart
465367,High Revenue,113,0,0,0.0,0.0,0.0,view_to_cart
78950,High Revenue,113,0,0,0.0,0.0,0.0,view_to_cart
74603,High Revenue,113,0,0,0.0,0.0,0.0,view_to_cart
118957,High Revenue,113,0,0,0.0,0.0,0.0,view_to_cart
24277,High Revenue,113,0,0,0.0,0.0,0.0,view_to_cart
2206,High Revenue,113,0,0,0.0,0.0,0.0,view_to_cart
225274,High Revenue,113,0,0,0.0,0.0,0.0,view_to_cart
122526,High Revenue,113,0,0,0.0,0.0,0.0,view_to_cart
176881,High Revenue,113,0,0,0.0,0.0,0.0,view_to_cart
321806,High Revenue,112,0,0,0.0,0.0,0.0,view_to_cart
289438,High Revenue,112,0,0,0.0,0.0,0.0,view_to_cart
419724,High Revenue,112,0,0,0.0,0.0,0.0,view_to_cart
420271,High Revenue,112,0,0,0.0,0.0,0.0,view_to_cart
415831,High Revenue,112,0,0,0.0,0.0,0.0,view_to_cart
381080,High Revenue,112,0,0,0.0,0.0,0.0,view_to_cart
117294,High Revenue,112,0,0,0.0,0.0,0.0,view_to_cart
23466,High Revenue,112,0,0,0.0,0.0,0.0,view_to_cart
12953,High Revenue,112,0,0,0.0,0.0,0.0,view_to_cart
36163,High Revenue,112,0,0,0.0,0.0,0.0,view_to_cart
194389,High Revenue,112,0,0,0.0,0.0,0.0,view_to_cart
213608,High Revenue,112,0,0,0.0,0.0,0.0,view_to_cart
138492,High Revenue,112,0,0,0.0,0.0,0.0,view_to_cart
142108,High Revenue,112,0,0,0.0,0.0,0.0,view_to_cart
163013,High Revenue,112,0,0,0.0,0.0,0.0,view_to_cart
256320,High Revenue,111,0,0,0.0,0.0,0.0,view_to_cart
250999,High Revenue,111,0,0,0.0,0.0,0.0,view_to_cart
286631,High Revenue,111,0,0,0.0,0.0,0.0,view_to_cart
458318,High Revenue,111,0,0,0.0,0.0,0.0,view_to_cart
448041,High Revenue,111,0,0,0.0,0.0,0.0,view_to_cart
399467,High Revenue,111,0,0,0.0,0.0,0.0,view_to_cart
404906,High Revenue,111,0,0,0.0,0.0,0.0,view_to_cart
71119,High Revenue,111,0,0,0.0,0.0,0.0,view_to_cart
101660,High Revenue,111,0,0,0.0,0.0,0.0,view_to_cart
103035,High Revenue,111,0,0,0.0,0.0,0.0,view_to_cart
45226,High Revenue,111,0,0,0.0,0.0,0.0,view_to_cart
193242,High Revenue,111,0,0,0.0,0.0,0.0,view_to_cart
209855,High Revenue,111,0,0,0.0,0.0,0.0,view_to_cart
221274,High Revenue,111,0,0,0.0,0.0,0.0,view_to_cart
224500,High Revenue,111,0,0,0.0,0.0,0.0,view_to_cart
156321,High Revenue,111,0,0,0.0,0.0,0.0,view_to_cart
150063,High Revenue,111,0,0,0.0,0.0,0.0,view_to_cart
215505,High Revenue,110,0,1,208.68,208.68,0.91,view_to_cart
308553,High Revenue,110,0,0,0.0,0.0,0.0,view_to_cart
257863,High Revenue,110,0,0,0.0,0.0,0.0,view_to_cart
263583,High Revenue,110,0,0,0.0,0.0,0.0,view_to_cart
254025,High Revenue,110,0,0,0.0,0.0,0.0,view_to_cart
422525,High Revenue,110,0,0,0.0,0.0,0.0,view_to_cart
442001,High Revenue,110,0,0,0.0,0.0,0.0,view_to_cart
443157,High Revenue,110,0,0,0.0,0.0,0.0,view_to_cart
380220,High Revenue,110,0,0,0.0,0.0,0.0,view_to_cart
77350,High Revenue,110,0,0,0.0,0.0,0.0,view_to_cart
71862,High Revenue,110,0,0,0.0,0.0,0.0,view_to_cart
114596,High Revenue,110,0,0,0.0,0.0,0.0,view_to_cart
15677,High Revenue,110,0,0,0.0,0.0,0.0,view_to_cart
58627,High Revenue,110,0,0,0.0,0.0,0.0,view_to_cart
33947,High Revenue,110,0,0,0.0,0.0,0.0,view_to_cart
35572,High Revenue,110,0,0,0.0,0.0,0.0,view_to_cart
166767,High Revenue,110,0,0,0.0,0.0,0.0,view_to_cart
178451,High Revenue,110,0,0,0.0,0.0,0.0,view_to_cart
151925,High Revenue,110,0,0,0.0,0.0,0.0,view_to_cart
152034,High Revenue,110,0,0,0.0,0.0,0.0,view_to_cart
267815,High Revenue,109,0,0,0.0,0.0,0.0,view_to_cart
251216,High Revenue,109,0,0,0.0,0.0,0.0,view_to_cart
425067,High Revenue,109,0,0,0.0,0.0,0.0,view_to_cart
429983,High Revenue,109,0,0,0.0,0.0,0.0,view_to_cart
348613,High Revenue,109,0,0,0.0,0.0,0.0,view_to_cart
112153,High Revenue,109,0,0,0.0,0.0,0.0,view_to_cart
100049,High Revenue,109,0,0,0.0,0.0,0.0,view_to_cart
26185,High Revenue,109,0,0,0.0,0.0,0.0,view_to_cart
13027,High Revenue,109,0,0,0.0,0.0,0.0,view_to_cart
33996,High Revenue,109,0,0,0.0,0.0,0.0,view_to_cart
192254,High Revenue,109,0,0,0.0,0.0,0.0,view_to_cart
229907,High Revenue,109,0,0,0.0,0.0,0.0,view_to_cart
138430,High Revenue,109,0,0,0.0,0.0,0.0,view_to_cart
121119,High Revenue,109,0,0,0.0,0.0,0.0,view_to_cart
133110,High Revenue,109,0,0,0.0,0.0,0.0,view_to_cart
344338,High Revenue,108,0,0,0.0,0.0,0.0,view_to_cart
321891,High Revenue,108,0,0,0.0,0.0,0.0,view_to_cart
258859,High Revenue,108,0,0,0.0,0.0,0.0,view_to_cart
254624,High Revenue,108,0,0,0.0,0.0,0.0,view_to_cart
275371,High Revenue,108,0,0,0.0,0.0,0.0,view_to_cart
86956,High Revenue,108,0,0,0.0,0.0,0.0,view_to_cart
9095,High Revenue,108,0,0,0.0,0.0,0.0,view_to_cart
46363,High Revenue,108,0,0,0.0,0.0,0.0,view_to_cart
43389,High Revenue,108,0,0,0.0,0.0,0.0,view_to_cart
129414,High Revenue,108,0,0,0.0,0.0,0.0,view_to_cart
333105,High Revenue,107,0,0,0.0,0.0,0.0,view_to_cart
344171,High Revenue,107,0,0,0.0,0.0,0.0,view_to_cart
252397,High Revenue,107,0,0,0.0,0.0,0.0,view_to_cart
297109,High Revenue,107,0,0,0.0,0.0,0.0,view_to_cart
270395,High Revenue,107,0,0,0.0,0.0,0.0,view_to_cart
270798,High Revenue,107,0,0,0.0,0.0,0.0,view_to_cart
277992,High Revenue,107,0,0,0.0,0.0,0.0,view_to_cart
414432,High Revenue,107,0,0,0.0,0.0,0.0,view_to_cart
464212,High Revenue,107,0,0,0.0,0.0,0.0,view_to_cart
353541,High Revenue,107,0,0,0.0,0.0,0.0,view_to_cart
399264,High Revenue,107,0,0,0.0,0.0,0.0,view_to_cart
63142,High Revenue,107,0,0,0.0,0.0,0.0,view_to_cart
43391,High Revenue,107,0,0,0.0,0.0,0.0,view_to_cart
207168,High Revenue,107,0,0,0.0,0.0,0.0,view_to_cart
164218,High Revenue,107,0,0,0.0,0.0,0.0,view_to_cart
304388,High Revenue,106,0,0,0.0,0.0,0.0,view_to_cart
324512,High Revenue,106,0,0,0.0,0.0,0.0,view_to_cart
247511,High Revenue,106,0,0,0.0,0.0,0.0,view_to_cart
428928,High Revenue,106,0,0,0.0,0.0,0.0,view_to_cart
423039,High Revenue,106,0,0,0.0,0.0,0.0,view_to_cart
421019,High Revenue,106,0,0,0.0,0.0,0.0,view_to_cart
460083,High Revenue,106,0,0,0.0,0.0,0.0,view_to_cart
369195,High Revenue,106,0,0,0.0,0.0,0.0,view_to_cart
357411,High Revenue,106,0,0,0.0,0.0,0.0,view_to_cart
391089,High Revenue,106,0,0,0.0,0.0,0.0,view_to_cart
77267,High Revenue,106,0,0,0.0,0.0,0.0,view_to_cart
18457,High Revenue,106,0,0,0.0,0.0,0.0,view_to_cart
4332,High Revenue,106,0,0,0.0,0.0,0.0,view_to_cart
228491,High Revenue,106,0,0,0.0,0.0,0.0,view_to_cart
233770,High Revenue,106,0,0,0.0,0.0,0.0,view_to_cart
139401,High Revenue,106,0,0,0.0,0.0,0.0,view_to_cart
343029,High Revenue,105,0,0,0.0,0.0,0.0,view_to_cart
422810,High Revenue,105,0,0,0.0,0.0,0.0,view_to_cart
433014,High Revenue,105,0,0,0.0,0.0,0.0,view_to_cart
413203,High Revenue,105,0,0,0.0,0.0,0.0,view_to_cart
419150,High Revenue,105,0,0,0.0,0.0,0.0,view_to_cart
85460,High Revenue,105,0,0,0.0,0.0,0.0,view_to_cart
64279,High Revenue,105,0,0,0.0,0.0,0.0,view_to_cart
91674,High Revenue,105,0,0,0.0,0.0,0.0,view_to_cart
103076,High Revenue,105,0,0,0.0,0.0,0.0,view_to_cart
198519,High Revenue,105,0,0,0.0,0.0,0.0,view_to_cart
206817,High Revenue,105,0,0,0.0,0.0,0.0,view_to_cart
187216,High Revenue,105,0,0,0.0,0.0,0.0,view_to_cart
230720,High Revenue,105,0,0,0.0,0.0,0.0,view_to_cart
215406,High Revenue,105,0,0,0.0,0.0,0.0,view_to_cart
217347,High Revenue,105,0,0,0.0,0.0,0.0,view_to_cart
139715,High Revenue,105,0,0,0.0,0.0,0.0,view_to_cart
177478,High Revenue,105,0,0,0.0,0.0,0.0,view_to_cart
305558,High Revenue,104,0,0,0.0,0.0,0.0,view_to_cart
305888,High Revenue,104,0,0,0.0,0.0,0.0,view_to_cart
306465,High Revenue,104,0,0,0.0,0.0,0.0,view_to_cart
330649,High Revenue,104,0,0,0.0,0.0,0.0,view_to_cart
289441,High Revenue,104,0,0,0.0,0.0,0.0,view_to_cart
290839,High Revenue,104,0,0,0.0,0.0,0.0,view_to_cart
291202,High Revenue,104,0,0,0.0,0.0,0.0,view_to_cart
421654,High Revenue,104,0,0,0.0,0.0,0.0,view_to_cart
445811,High Revenue,104,0,0,0.0,0.0,0.0,view_to_cart
359395,High Revenue,104,0,0,0.0,0.0,0.0,view_to_cart
393854,High Revenue,104,0,0,0.0,0.0,0.0,view_to_cart
392072,High Revenue,104,0,0,0.0,0.0,0.0,view_to_cart
72983,High Revenue,104,0,0,0.0,0.0,0.0,view_to_cart
116687,High Revenue,104,0,0,0.0,0.0,0.0,view_to_cart
112550,High Revenue,104,0,0,0.0,0.0,0.0,view_to_cart
28893,High Revenue,104,0,0,0.0,0.0,0.0,view_to_cart
23870,High Revenue,104,0,0,0.0,0.0,0.0,view_to_cart
47260,High Revenue,104,0,0,0.0,0.0,0.0,view_to_cart
30938,High Revenue,104,0,0,0.0,0.0,0.0,view_to_cart
39675,High Revenue,104,0,0,0.0,0.0,0.0,view_to_cart
192253,High Revenue,104,0,0,0.0,0.0,0.0,view_to_cart
332197,High Revenue,103,0,0,0.0,0.0,0.0,view_to_cart
262919,High Revenue,103,0,0,0.0,0.0,0.0,view_to_cart
242464,High Revenue,103,0,0,0.0,0.0,0.0,view_to_cart
298598,High Revenue,103,0,0,0.0,0.0,0.0,view_to_cart
412081,High Revenue,103,0,0,0.0,0.0,0.0,view_to_cart
359547,High Revenue,103,0,0,0.0,0.0,0.0,view_to_cart
398951,High Revenue,103,0,0,0.0,0.0,0.0,view_to_cart
386112,High Revenue,103,0,0,0.0,0.0,0.0,view_to_cart
93657,High Revenue,103,0,0,0.0,0.0,0.0,view_to_cart
92003,High Revenue,103,0,0,0.0,0.0,0.0,view_to_cart
2716,High Revenue,103,0,0,0.0,0.0,0.0,view_to_cart
9839,High Revenue,103,0,0,0.0,0.0,0.0,view_to_cart
236756,High Revenue,103,0,0,0.0,0.0,0.0,view_to_cart
145487,High Revenue,103,0,0,0.0,0.0,0.0,view_to_cart
174566,High Revenue,103,0,0,0.0,0.0,0.0,view_to_cart
304946,High Revenue,102,0,0,0.0,0.0,0.0,view_to_cart
252483,High Revenue,102,0,0,0.0,0.0,0.0,view_to_cart
428905,High Revenue,102,0,0,0.0,0.0,0.0,view_to_cart
419560,High Revenue,102,0,0,0.0,0.0,0.0,view_to_cart
462847,High Revenue,102,0,0,0.0,0.0,0.0,view_to_cart
451292,High Revenue,102,0,0,0.0,0.0,0.0,view_to_cart
362257,High Revenue,102,0,0,0.0,0.0,0.0,view_to_cart
390475,High Revenue,102,0,0,0.0,0.0,0.0,view_to_cart
59477,High Revenue,102,0,0,0.0,0.0,0.0,view_to_cart
71442,High Revenue,102,0,0,0.0,0.0,0.0,view_to_cart
108636,High Revenue,102,0,0,0.0,0.0,0.0,view_to_cart
106372,High Revenue,102,0,0,0.0,0.0,0.0,view_to_cart
92456,High Revenue,102,0,0,0.0,0.0,0.0,view_to_cart
36497,High Revenue,102,0,0,0.0,0.0,0.0,view_to_cart
186159,High Revenue,102,0,0,0.0,0.0,0.0,view_to_cart
211051,High Revenue,102,0,0,0.0,0.0,0.0,view_to_cart
172508,High Revenue,102,0,0,0.0,0.0,0.0,view_to_cart
431278,High Revenue,101,0,0,0.0,0.0,0.0,view_to_cart
463004,High Revenue,101,0,0,0.0,0.0,0.0,view_to_cart
387729,High Revenue,101,0,0,0.0,0.0,0.0,view_to_cart
76249,High Revenue,101,0,0,0.0,0.0,0.0,view_to_cart
75010,High Revenue,101,0,0,0.0,0.0,0.0,view_to_cart
92175,High Revenue,101,0,0,0.0,0.0,0.0,view_to_cart
51542,High Revenue,101,0,0,0.0,0.0,0.0,view_to_cart
47575,High Revenue,101,0,0,0.0,0.0,0.0,view_to_cart
42542,High Revenue,101,0,0,0.0,0.0,0.0,view_to_cart
199736,High Revenue,101,0,0,0.0,0.0,0.0,view_to_cart
200763,High Revenue,101,0,0,0.0,0.0,0.0,view_to_cart
207575,High Revenue,101,0,0,0.0,0.0,0.0,view_to_cart
221932,High Revenue,101,0,0,0.0,0.0,0.0,view_to_cart
124941,High Revenue,101,0,0,0.0,0.0,0.0,view_to_cart
163780,High Revenue,101,0,0,0.0,0.0,0.0,view_to_cart
309786,High Revenue,100,0,0,0.0,0.0,0.0,view_to_cart
309457,High Revenue,100,0,0,0.0,0.0,0.0,view_to_cart
332507,High Revenue,100,0,0,0.0,0.0,0.0,view_to_cart
290361,High Revenue,100,0,0,0.0,0.0,0.0,view_to_cart
284347,High Revenue,100,0,0,0.0,0.0,0.0,view_to_cart
286959,High Revenue,100,0,0,0.0,0.0,0.0,view_to_cart
418086,High Revenue,100,0,0,0.0,0.0,0.0,view_to_cart
416301,High Revenue,100,0,0,0.0,0.0,0.0,view_to_cart
466350,High Revenue,100,0,0,0.0,0.0,0.0,view_to_cart
378806,High Revenue,100,0,0,0.0,0.0,0.0,view_to_cart
114571,High Revenue,100,0,0,0.0,0.0,0.0,view_to_cart
183762,High Revenue,100,0,0,0.0,0.0,0.0,view_to_cart
258621,Top Performer,99,0,1,27.53,27.53,1.01,view_to_cart
336492,High Revenue,99,0,0,0.0,0.0,0.0,view_to_cart
334991,High Revenue,99,0,0,0.0,0.0,0.0,view_to_cart
288171,High Revenue,99,0,0,0.0,0.0,0.0,view_to_cart
292007,High Revenue,99,0,0,0.0,0.0,0.0,view_to_cart
273470,High Revenue,99,0,0,0.0,0.0,0.0,view_to_cart
281693,High Revenue,99,0,0,0.0,0.0,0.0,view_to_cart
428648,High Revenue,99,0,0,0.0,0.0,0.0,view_to_cart
460522,High Revenue,99,0,0,0.0,0.0,0.0,view_to_cart
397157,High Revenue,99,0,0,0.0,0.0,0.0,view_to_cart
398825,High Revenue,99,0,0,0.0,0.0,0.0,view_to_cart
69241,High Revenue,99,0,0,0.0,0.0,0.0,view_to_cart
110807,High Revenue,99,0,0,0.0,0.0,0.0,view_to_cart
93428,High Revenue,99,0,0,0.0,0.0,0.0,view_to_cart
13844,High Revenue,99,0,0,0.0,0.0,0.0,view_to_cart
49823,High Revenue,99,0,0,0.0,0.0,0.0,view_to_cart
40631,High Revenue,99,0,0,0.0,0.0,0.0,view_to_cart
188171,High Revenue,99,0,0,0.0,0.0,0.0,view_to_cart
308561,High Revenue,98,0,0,0.0,0.0,0.0,view_to_cart
346137,High Revenue,98,0,0,0.0,0.0,0.0,view_to_cart
339736,High Revenue,98,0,0,0.0,0.0,0.0,view_to_cart
324573,High Revenue,98,0,0,0.0,0.0,0.0,view_to_cart
268471,High Revenue,98,0,0,0.0,0.0,0.0,view_to_cart
249610,High Revenue,98,0,0,0.0,0.0,0.0,view_to_cart
437569,High Revenue,98,0,0,0.0,0.0,0.0,view_to_cart
364887,High Revenue,98,0,0,0.0,0.0,0.0,view_to_cart
351912,High Revenue,98,0,0,0.0,0.0,0.0,view_to_cart
61345,High Revenue,98,0,0,0.0,0.0,0.0,view_to_cart
106399,High Revenue,98,0,0,0.0,0.0,0.0,view_to_cart
114681,High Revenue,98,0,0,0.0,0.0,0.0,view_to_cart
47930,High Revenue,98,0,0,0.0,0.0,0.0,view_to_cart
37704,High Revenue,98,0,0,0.0,0.0,0.0,view_to_cart
197816,High Revenue,98,0,0,0.0,0.0,0.0,view_to_cart
193349,High Revenue,98,0,0,0.0,0.0,0.0,view_to_cart
188440,High Revenue,98,0,0,0.0,0.0,0.0,view_to_cart
165823,High Revenue,98,0,0,0.0,0.0,0.0,view_to_cart
177100,High Revenue,98,0,0,0.0,0.0,0.0,view_to_cart
177370,High Revenue,98,0,0,0.0,0.0,0.0,view_to_cart
157681,High Revenue,98,0,0,0.0,0.0,0.0,view_to_cart
337046,High Revenue,97,0,0,0.0,0.0,0.0,view_to_cart
333195,High Revenue,97,0,0,0.0,0.0,0.0,view_to_cart
331069,High Revenue,97,0,0,0.0,0.0,0.0,view_to_cart
287819,High Revenue,97,0,0,0.0,0.0,0.0,view_to_cart
274014,High Revenue,97,0,0,0.0,0.0,0.0,view_to_cart
282470,High Revenue,97,0,0,0.0,0.0,0.0,view_to_cart
426779,High Revenue,97,0,0,0.0,0.0,0.0,view_to_cart
399052,High Revenue,97,0,0,0.0,0.0,0.0,view_to_cart
389471,High Revenue,97,0,0,0.0,0.0,0.0,view_to_cart
88289,High Revenue,97,0,0,0.0,0.0,0.0,view_to_cart
105223,High Revenue,97,0,0,0.0,0.0,0.0,view_to_cart
106374,High Revenue,97,0,0,0.0,0.0,0.0,view_to_cart
534,High Revenue,97,0,0,0.0,0.0,0.0,view_to_cart
2616,High Revenue,97,0,0,0.0,0.0,0.0,view_to_cart
38578,High Revenue,97,0,0,0.0,0.0,0.0,view_to_cart
210359,High Revenue,97,0,0,0.0,0.0,0.0,view_to_cart
127342,High Revenue,97,0,0,0.0,0.0,0.0,view_to_cart
166666,High Revenue,97,0,0,0.0,0.0,0.0,view_to_cart
156542,High Revenue,97,0,0,0.0,0.0,0.0,view_to_cart
147301,Top Performer,96,0,1,231.98,231.98,1.04,view_to_cart
257028,High Revenue,96,0,0,0.0,0.0,0.0,view_to_cart
246936,High Revenue,96,0,0,0.0,0.0,0.0,view_to_cart
290007,High Revenue,96,0,0,0.0,0.0,0.0,view_to_cart
296353,High Revenue,96,0,0,0.0,0.0,0.0,view_to_cart
274898,High Revenue,96,0,0,0.0,0.0,0.0,view_to_cart
412280,High Revenue,96,0,0,0.0,0.0,0.0,view_to_cart
412642,High Revenue,96,0,0,0.0,0.0,0.0,view_to_cart
455860,High Revenue,96,0,0,0.0,0.0,0.0,view_to_cart
455230,High Revenue,96,0,0,0.0,0.0,0.0,view_to_cart
463856,High Revenue,96,0,0,0.0,0.0,0.0,view_to_cart
459610,High Revenue,96,0,0,0.0,0.0,0.0,view_to_cart
445635,High Revenue,96,0,0,0.0,0.0,0.0,view_to_cart
348431,High Revenue,96,0,0,0.0,0.0,0.0,view_to_cart
397555,High Revenue,96,0,0,0.0,0.0,0.0,view_to_cart
60759,High Revenue,96,0,0,0.0,0.0,0.0,view_to_cart
110031,High Revenue,96,0,0,0.0,0.0,0.0,view_to_cart
113948,High Revenue,96,0,0,0.0,0.0,0.0,view_to_cart
91051,High Revenue,96,0,0,0.0,0.0,0.0,view_to_cart
16206,High Revenue,96,0,0,0.0,0.0,0.0,view_to_cart
17063,High Revenue,96,0,0,0.0,0.0,0.0,view_to_cart
48291,High Revenue,96,0,0,0.0,0.0,0.0,view_to_cart
139256,High Revenue,96,0,0,0.0,0.0,0.0,view_to_cart
156489,High Revenue,96,0,0,0.0,0.0,0.0,view_to_cart
159041,High Revenue,96,0,0,0.0,0.0,0.0,view_to_cart
324383,High Revenue,95,0,0,0.0,0.0,0.0,view_to_cart
265604,High Revenue,95,0,0,0.0,0.0,0.0,view_to_cart
247061,High Revenue,95,0,0,0.0,0.0,0.0,view_to_cart
250252,High Revenue,95,0,0,0.0,0.0,0.0,view_to_cart
289991,High Revenue,95,0,0,0.0,0.0,0.0,view_to_cart
298883,High Revenue,95,0,0,0.0,0.0,0.0,view_to_cart
272201,High Revenue,95,0,0,0.0,0.0,0.0,view_to_cart
461702,High Revenue,95,0,0,0.0,0.0,0.0,view_to_cart
444901,High Revenue,95,0,0,0.0,0.0,0.0,view_to_cart
